	sentiment	text	selected_text	pred	has_pattern	seperate
4346	negative	That`s one of the reasons we thought 'Should we have a kid?' 'Nah - let`s get a piano instead.' You poor buggers	' You poor bugg	you poor buggers	False	True
10934	positive	It will be an Adventure! Have FUN with your 5 yr old and 8 mo old! (You`re brave.) Hope you have a great time!	) Hope you have a great ti	have fun with your 5 yr old and 8 mo old! (you`re brave.) hope you have a great time!	False	True
18251	negative	On my way home n having 2 deal w underage girls drinking gin on da bus while talking bout keggers......**** i feel old	**** i feel old	keggers......**** i feel old	False	True
4993	positive	In hysterics at Yaas` email <3 Am writing a speech for Speakers` and doing Food Technology...**** it`s good to be off school on a Monday	**** it`s good	good	False	True
23507	negative	I don`t think they sale Ciroc where I stay..****..thats just my luck	.****.	stay..****..thats just my luck	False	True
23616	positive	Just saw it tonight as well... Great movie!! Hope you`re well mate! Cheers E	.. Grea	great	False	True
2226	negative	1000 = make sure it has the word poo or balls in it Underbelly DOES suck balls... I gave up on it in wk 3.	.. I gave up on it	underbelly does suck	False	True
17335	positive	If I am... so are U, my friend. HA! But the thing is... WE make old look GOOD!	.. WE make old look GOOD	good!	False	True
26977	positive	morning all will be at Warner soon! lots to do, then go to school for some work... hope everyone has a great day!!!	.. hope everyone has a great day!!!	hope everyone has a great day!!!	False	True
14108	positive	thanks hun!! I`m working hard over here... thanks mama!! I yuhh you!!!	.. thanks	thanks	False	True
8814	positive	Oh Duh....I see that now .....thank you....	...than	.....thank you....	True	True
24304	positive	yes........there are many cool things americans cannot watch	...there are many cool	cool	False	True
10144	positive	Late news then it`s off for some much needed zzzzzzz.......Goodnight Tweets.	..Goodnight Tweets.	zzzzzzz.......goodnight	False	True
14193	negative	How sad is it that your best friend is so selfish and heartless that they exclude you from their life completely...I`m so sad	..I`m so sad	completely...i`m so sad	True	True
19129	negative	Gleneagles then champagne receptions....can`t beat it! I`m in alone, my tea was rubbish and Ive been doing housework	..can`t beat it! I`m in alone, my tea was rubbish and Ive been doing housework	receptions....can`t beat it! i`m in alone, my tea was rubbish	True	True
1216	positive	I can remember those Evidence Based Management lectures...definitely the best of EBM	..definitely the best of EBM	lectures...definitely the best	True	True
14907	positive	hey we were doing the same thing this weekend! but it was for the kiddos...gotta love ikea	..gotta love ikea	love	True	True
12702	positive	buy yay for your shoot...hope it goes well! What is it for?	..hope	shoot...hope	True	True
3825	positive	that`s no bueno...hope u feel better!	..hope u feel better!	bueno...hope u feel better!	True	True
21516	positive	morning Newt...hope you are well!	..hope you are well!	newt...hope you are well!	True	True
24040	negative	no...i`m just tired..	..i`m just tired..	no...i`m just tired..	True	True
2573	positive	aww but typing from beyond the grave...impressive	..impressive	grave...impressive	True	True
17345	positive	i saw a piece of that movie...loved it	..loved it	movie...loved it	True	True
17001	positive	Hello ...hehe yup we sure do ...lovely to `see` you ****	..lovely	...lovely	False	True
4142	negative	Need a tickettttt Gah. Ya you`ve got me on there, reason346.. Haven`t listened to dear Elliott for a few weeks...overdue..	..overdue	haven`t listened to dear elliott for a few weeks...overdue..	True	True
1198	negative	Aw...poor thing.	..poor thing.	aw...poor	True	True
15285	negative	*bows* I try...sometimes it is hard	..sometimes it is hard	hard	True	True
7407	negative	lucky! been beggin for jury duty for years...they dont ever send me notices! just notices for other people to my address!	..they dont ever send me notices! just notices for other people to my address!	lucky! been beggin for jury duty for years...they	True	True
3472	positive	what about the dilfs? Oh wait, wrong month....HAPPY MOTHERS DAY	.HAPPY MOTHERS DAY	month....happy	True	True
18777	positive	thats what andy said a few hours ago....I HOPE THEY ACTUALLY ARE	.I HOPE THEY ACTUALLY ARE	ago....i hope	True	True
20013	positive	on our way home after seeing Rodney Atkins in concert...I Love him! Thanks Bob	.I Love him! Thanks Bob	concert...i love	True	True
23371	positive	Graduation tonight I`m gonna miss my boys...Mikey, Dustin, Miles, Charlie, Travy, Nicky, John, Jake, all my boys...I love you guys	.I love you guys	boys...i love you guys	True	True
25266	negative	Eating pringles at nearly 1 AM really reminds me of touring with the Jonas Brothers (don`t ask).......I miss that so much....	.I miss that so much.	ask).......i miss that so much....	False	True
12282	negative	I dunno...I thought I was funny	.I thought I was funny	i dunno...i	True	True
7817	positive	Hey girl, yeah I did..thanks a bunch!! I haven`t started downloading them yet...I totally owe you.	.I totally owe you.	did..thanks a bunch!! i haven`t started downloading them yet...i totally owe you.	True	True
16174	negative	I had a double cheeseburger and fries from The Golden Arches....I will be sicker than a dog tomorrow.	.I will be sicker	arches....i will be sicker	True	True
11348	negative	http://twitpic.com/66ydb - I made sure you got credit at the end of the book...I`m sure I forgot people though.	.I`m sure I forgot people though.	book...i`m sure i forgot	True	True
8593	negative	IDK....I`m trapped at work all day	.I`m trapped at work	trapped	True	True
2438	negative	ha! I know..I`m very ashamed.	.I`m very ashamed.	know..i`m very ashamed.	False	True
4403	negative	Well the one thing where you lay on the floor I couldn`t do all of them....I`m very out of shape	.I`m very out of shape	them....i`m very out of shape	True	True
1095	negative	Depends on what they want for it....I`ve become poor again	.I`ve become poor again	it....i`ve become poor again	True	True
18374	negative	Can`t give blood within a year of getting a tattoo so I can`t give...Im gutted	.Im gutted	gutted	True	True
1392	positive	her son is 7 and captured it outside...THANK GOD I HAVE A LITTLE GIRL	.THANK GOD	outside...thank god	True	True
24475	neutral	yea just fun dive..a bit scary sometimes but fun. u like diving?	.a bit scary sometimes but fun.	yea just fun dive..a bit scary sometimes but fun. u like diving?	False	True
25337	neutral	....any sorry wahh!! lub u toooo ;)	.any sorry wahh!! lub u toooo ;)	....any sorry wahh!! lub u toooo ;)	False	True
17028	negative	WHO IS SAYING ALL THIS...are you ignoring me *frowns*	.are you ignoring me *frowns*	this...are you ignoring me *frowns*	True	True
4638	positive	it was great to meet ya katie...awesome shows for sure!! Safe travels home.	.awesome	it was great	True	True
21113	negative	LMAO!I was JUST thinking how I **** hate @ least 3 people that I`m following...but I haven`t unfollowed em` yet. I`m a loon.	.but I haven`t unfollowed em` yet. I`m a loon.	hate	True	True
26761	neutral	so my friends are coming to see you on NYC...but im on stupid vaca in the stupid cayman islands so i cnt go iloveyou<3	.but im on stupid vaca in the stupid cayman islands so i cnt go iloveyou<3	so my friends are coming to see you on nyc...but im on stupid vaca in the stupid cayman islands so i cnt go iloveyou<3	True	True
9630	positive	Hey fellow Trojan..congrats on graduation.	.congrats on graduation.	trojan..congrats	False	True
10520	positive	0k...enjoy Dora the Explorer.. greetings to your niece!!	.enjoy	0k...enjoy	True	True
15461	positive	Shoping till you drop david..haha..enjoy your day	.enjoy	david..haha..enjoy	False	True
21330	negative	i`m watchign the garden from the window...far too hot for me	.far too hot for me	window...far too hot for me	True	True
8496	negative	well...gotta grab at least an hour and a half sleep before the girl`s get up for school...gawd the life of multi-taskin` night/mornin`	.gawd the life of multi-taskin` night/mornin`	school...gawd	True	True
22116	positive	another fun night!! chilled wit my homie @ green turtle n the park....good times...good times.	.good	fun	True	True
17411	positive	OOuUch!...good luck	.good luck	oouuch!...good luck	False	True
2400	positive	thanks for the ok ...hope we can tweet more down the road	.hope	thanks	False	True
17599	positive	May be back later...hope you have a good day Byeeee ****	.hope	later...hope you have a good day	True	True
5307	negative	me neither at first...but u gotta go thru somethin first to get there lmao...i almost burnt my house down and that set me str8	.i almost burnt my house	burnt	True	True
20185	positive	jass warn me b4 u go to nxt war...i am there to have fun...	.i am there to have fun.	war...i am there to have fun...	True	True
4478	negative	i havent been out west since 07...i think i picked a bad wknd b/c its overcast out here tho	.i think i picked a bad wknd	bad	True	True
19791	negative	always tired, always cold and always have a headache. cant wait for vacashun..and the frickin g1 update..i want onscreen keyboard dammit!	.i want onscreen keyboard dammit!	dammit!	False	True
10610	negative	its ok..i was kinda feeling ignored anyway And its sunday arvo 330pm. Going out for Lunch & WINE!	.i was kinda feeling ignored	ignored	False	True
26943	negative	Omg i`m on a one year work permit! Going home end of June...i`m really gna miss it #canada	.i`m really gna miss it	june...i`m really gna miss	True	True
664	negative	...i`m sorry about you are still sick u know most of them, AND i know that u will guess the 'pelzer present' ;-)	.i`m sorry	...i`m sorry	False	True
22937	positive	haha..yeah..10th of May..lol..im greeting in advance! haha	.im greeting in advance! haha	haha..yeah..10th of may..lol..im	False	True
20439	negative	I would much rather you didn`t punch yourself in the face...it might hurt	.it might hurt	face...it might hurt	True	True
21315	positive	OMJ I loved it....it was a good laugh and Frankie did a great job, and you guys did too ~Agnes	.it was a good laugh and Frankie did a great job,	loved	True	True
11299	positive	Well thank you darling...it was a pleasure shopping with you...you will see the first pics!	.it was a pleasure shopping with you.	pleasure	True	True
1517	negative	haha IE...it`s expensive!!!! Hm...let me message you later	.it`s expensive!	expensive!!!!	True	True
295	positive	Watching Ellen Love her!! then doing the dishes and tanning ...it`s gorgeous out!	.it`s gorgeous out!	...it`s gorgeous	False	True
4946	negative	Umm..ok..just don`t start cats on fire.. ...promise	.just don`t start cats on fire..	umm..ok..just don`t start cats on fire..	False	True
998	negative	I`ve been unlocked for decades now...just not lucky, never have been. Gottta make my own luck and that involves $$$$$	.just not lucky, never have been.	now...just not lucky,	True	True
18098	positive	Awh, its the last day of the tour I`ll miss hangin w/ and Children 18:3. Soooo...let`s make it an awesome nite in OK!!	.let`s make it an awesome nite	awesome	True	True
21725	positive	Did you see my message mandingo jr.!!..lol. I hope its music i`ll like.	.lol. I hope its music i`ll like.	i hope its music i`ll like.	False	True
1692	positive	14 pages left to read, then it will be time to start all over again, and again. Off to Lunch Duty...love 6th graders	.love 6th graders	duty...love	True	True
20643	positive	_ ay beezy! finally lol its time to hookah so get off twiiter...love ya	.love ya	twiiter...love ya	True	True
19535	positive	hehe...nice try	.nice	hehe...nice try	True	True
9189	positive	Hello pal..nice 2 c u today...have a gr8 week	.nice 2 c u today.	pal..nice	True	True
27	negative	On the way to Malaysia...no internet access to Twit	.no internet	malaysia...no internet access to twit	True	True
17529	negative	my days been aight! been cleaning mostly! went to mcds to check for hader toy..no luck so i ate chickfila	.no luck	toy..no luck	False	True
677	negative	Crisis: forgot my fringe comb I`m with men....no one will help me	.no one will help me	forgot my fringe comb i`m with men....no one will help me	True	True
9816	negative	following 865 and followers 539...not nice	.not nice	539...not nice	True	True
9139	negative	lunch was going home to rest...not well today	.not well today	rest...not well today	True	True
11322	negative	Aw poor you..ironing! Eek! lol It`s raining here too.....prob try and get out with the kids later..nt too exciting im afraid!	.nt too exciting im afraid!	later..nt too exciting im afraid!	True	True
23351	negative	Star Warz day? Really..that is a hot topic? Man..oh man.. I`m just waiting for Star Trek!	.oh man..	really..that is a hot topic? man..oh man.. i`m just waiting for star trek!	False	True
17892	positive	since I`m reading the Twilight series and watching Underworld today, I gotta say...perfect pic for my day	.perfect	say...perfect	True	True
20215	negative	Oh, that sounds bed..poor girl	.poor girl	bed..poor girl	False	True
160	negative	My back hurts...really bad	.really bad	hurts...really bad	True	True
18354	negative	So I played this game , yeahhhhh I lost I`m inlove ughh....really cause I`m such a fool.	.really cause I`m such a fool.	lost i`m inlove ughh....really cause i`m such a fool.	True	True
21922	negative	Yep...sadly I only had 10 min before a meeting!	.sadly	yep...sadly	True	True
16875	negative	Im @ the dentist ....scary people here...	.scary	....scary	False	True
2212	negative	Officially out of my apt Learned some stuff about the crazy neighbors that used to live across the hall....scary!	.scary!	hall....scary!	True	True
19987	negative	very familiar.....sorry you`re feeling that way	.sorry	familiar.....sorry	True	True
17728	negative	im hella pushin for it...how was tha graduation..sorry i couldnt smash thru...	.sorry	graduation..sorry	True	True
397	negative	nothing aimed at you, just joining in...sorry	.sorry	in...sorry	True	True
23841	negative	Yea...looks like it is...sorry abt nt gettin in touch..was hectic	.sorry abt nt gettin in touch..was hectic	is...sorry	True	True
8623	positive	is about to make a nice cup of tea and pop some benadryl...long day...stay positive twitterbugs...goodnight!	.stay positive twitterbugs...goodnight!	nice cup of tea and pop some benadryl...long day...stay positive twitterbugs...goodnight!	True	True
23107	positive	Knight...sweet dreams.	.sweet dreams.	knight...sweet dreams.	True	True
13123	positive	...thanks for the shout out...you might be right about the starving thing.... little lol	.thanks	...thanks	True	True
7662	negative	OMG....that is soooo sad.	.that is soooo sad.	omg....that is soooo sad.	True	True
18085	negative	..dat dude look crazy w/ dat hair on his face lmao ..stop it!! ..the old wrestlers went to TNA thanks Vince ..these dudes are clowns lol	.these dudes are clowns	crazy	False	True
2007	negative	school and the guy i like was talking to the girl i cant stand at all!! ppl are just sooo...ughhhh!!	.ughhhh!	ppl are just sooo...ughhhh!!	True	True
10746	negative	I wish y`all...unfortunately I won`t be able to make it...gotta work my 2nd gig today	.unfortunately	y`all...unfortunately	True	True
8004	negative	You right...we are 'arguing' about nothing...I thought it was healthy conversation	.we are 'arguing' about nothing.	nothing...i thought it was healthy conversation	True	True
26016	negative	He doesn`t need the shirt for that Jane...we just had to suffer another two old eps tonight	.we just had to suffer	suffer	True	True
26780	positive	**left off the 'again' in the title...whoops!	.whoops!	title...whoops!	True	True
23527	positive	Ok, I`m going outside...wish i was playing basketball oh well...	.wish	outside...wish	True	True
18996	positive	did you really just call me Ma`am...wow that was the reality check of the day lol	.wow that was the reality check of the day	ma`am...wow	True	True
2123	positive	lmfaaoooo i just watched the Pink video....you know me to well i love it...soooo me lol	.you know me to well i love it...soooo me lol	i love	True	True
19404	negative	Alright...you missed one crazy party last night	.you missed one crazy party	missed	True	True
8051	negative	..ok brother...did you change your num and not give it to me, AGAIN??? smh..you no good dude	.you no good dude	smh..you no good dude	True	True
6539	negative	hmm...your blog won`t let me post a comment.	.your blog won`t let me post a comment.	won`t let me post a comment.	True	True
2363	positive	wow 41,000 now....your really kickin` Carey`s butt with this competition! See you both very soon!	.your really kickin` Carey`s butt with this competition!	now....your really kickin` carey`s butt with this competition!	True	True
21736	positive	Ben and Jerry...yummmmy!!!	.yummmmy!	jerry...yummmmy!!!	True	True
25508	negative	no.1 dont really mean anything to me anymore :L it did when good old top of the pops was on every sat or friday or something	1 dont really mean anything to me anymore	no.1 dont really mean anything to me anymore	False	True
8779	positive	,.. oh the Mint Lounge ...AWESOME night	AWESOME	...awesome	False	True
13003	positive	_sara I`m sitting in the bus to dublin And listen tokio hotel-reden.And i must laugh.you know why	And i must laugh.y	i must laugh.you	False	True
13002	negative	I want another shake from Ritas.Badly.	Badly.	ritas.badly.	False	True
13843	positive	Mothers day isnt until the 31th here in sweden.But thnx for the pm`s	But thnx for the pm`s	thnx	False	True
9126	negative	Done With Exams...Now Focusing on Summer School...DAYUUMM Life`s Hard	DAYUUMM Life`s Hard	school...dayuumm life`s hard	True	True
13784	negative	Getting ready 2 leave 2 a girl scout metting..Don`t feel like it but I have 2.....	Don`t feel like it	metting..don`t feel like it	False	True
4923	negative	Evaluating my people...Dont like this part of the job	Dont like this part of the job	people...dont like this part of the job	True	True
10305	positive	I`m way to sleepy.. Ill watch my shows lata..Good nite twit-fam!.. God bless!..XoXo	Good nite twit-fam!.. God bless!..	lata..good nite twit-fam!.. god bless!..xoxo	False	True
14300	positive	Neville88 am gud enuh hun...was jus sayin hi n hopin that ur avin a gud nite so far..HAPPY LADIES DAY 2MORO THEN...is dat better	HAPPY	far..happy	True	True
5917	negative	Does anyone know how to scale a pic down I`m trying to change my pic but all my pics r 2 big n I keep cropping them...HELP	HELP	i keep cropping them...help	True	True
17151	positive	made breakfast today......Happy mother`s day ..	Happy	today......happy	False	True
10178	positive	Going to the alley tonite..Happy Birthday prima	Happy	tonite..happy	False	True
20655	positive	He he ...Happy #star wars day! May the 4th be with you Brilliant!!	Happy #star wars day!	...happy	False	True
12922	positive	Going to bed, busy day tomorrow...Happy Mother`s Day Madre! Te Amo!	Happy Mother`s Day	tomorrow...happy	True	True
23149	positive	Why is it that America celebrates mother`s day on a different day to England? Anyhooo...Happy Mother`s Day 2 All American Mumzys! x	Happy Mother`s Day	anyhooo...happy	True	True
25364	positive	Waking up .....working....Happy as can be! Its gonna be a great day today... I can see it..and im not sore from Running yesterday!!!	Happy as can be!	.....working....happy as can be! its gonna be a great	True	True
20450	positive	I really want to be a star...Hope Flawless will work	Hope Fl	star...hope	True	True
1011	positive	Think I`ll go enjoy the sun`s rays again...I LOVE being off work	I LOVE being off work	again...i love	True	True
20364	negative	KICKIN BAK......NEED 2 DO MY HW.....I MISS U BABE LOLZ	I MISS U BABE	hw.....i miss	True	True
14730	neutral	_MJA ..I don`t know who gon do the yelling & cussing for upgrades when u go.	I don`t know who gon do the yelling & cussing for upgrades when u go.	_mja ..i don`t know who gon do the yelling & cussing for upgrades when u go.	False	True
16889	negative	The Matrix Online shuts down next month...wow...I feel kinda sad about it	I feel kinda sad about it	month...wow...i feel kinda sad	True	True
10887	positive	today something amazing happened...I fell in love with coupons!	I fell in love with coupons!	amazing happened...i	True	True
26240	negative	Going to shawnee........I hate the long drive there...i just want to get all this paper work over with	I hate the long drive there...	hate the long drive there...i	True	True
4253	negative	notthebest weekend....but oh well....I have a right to be sad	I have a right to be sad	notthebest weekend....but oh well....i have a right to be sad	True	True
22556	negative	I wish I could just go for a drive..or a movie or the store..I just wanna be alone	I just wanna be alone	store..i just wanna be alone	False	True
11307	positive	lol ****...I love those things too	I love	****...i love	False	True
15784	positive	ooooo, an explanation?, Thank god for that or u would forever be wondering!..I love a good night mare tho!!	I love	thank god for that or u would forever be wondering!..i love a good night mare tho!!	False	True
12855	negative	I tired today I think I am gonna take a nap before our friends come over tonight....I miss him and wish he was off restriction already...	I miss him	tonight....i miss	True	True
20673	negative	Son`s 15th Birthday this weekend.Taking him out for a Mexican meal and a major game buying spree.I miss the Lego days	I miss the Lego days	spree.i miss	False	True
2397	negative	gonna do laundry....never did laundry @ a hotel before.....I miss you R.....even though you ignore me and don even check on me....	I miss you R.....	before.....i miss you	True	True
10782	negative	Cat is anxiously watching wild turkeys in my back yard....I think they have their eyes on my bunny rabbit	I think they have their eyes on my bunny rabbit	anxiously	True	True
16508	positive	_chiel Well...I would love to have a Zoo! ;P Dont think I can be there sunday. But sometime I will !I want to!	I would love to have a Zoo!	well...i would love	True	True
25292	negative	grr...everytime he gets a new girlfriend..I`m at the bottom of the totem pole	I`m at the bottom of the totem pole	girlfriend..i`m at the bottom of the totem pole	True	True
9222	negative	I`ve had a sore throat since monday morning ...I`m just sick of it hurtin and I want some freakin sleep!	I`m just sick of it hurtin	...i`m just sick of it hurtin	False	True
603	negative	Sooo.....I`m kinda o sick n tired of the bs that guys dish out !!!!!!!!	I`m kinda o sick n tired	sooo.....i`m kinda o sick n tired	True	True
22605	positive	just missing you&hoping to talk to you soon..I`m so happy you`re mine again, though You have no idea..<3	I`m so happy you`re mine again,	soon..i`m so happy	False	True
16353	negative	Is on break...I`m so tired	I`m so tired	break...i`m so tired	True	True
21000	positive	finally leavin tha studio.Made some really really good music! Very pleased wit tha turnout !	Made some really really good music! Very pleased wit tha turnout	very pleased	False	True
24608	positive	wow this morning 8.15 hrs ding dong breakfastservice, was a surprise of Marjoleine, Guido and Dirk for mothersday.Mother hapy, father too	Mother hapy,	wow	False	True
5488	negative	A Banana and 2 cups of Coffee...Not a so Healthy Breakfast!	Not a so Healthy	coffee...not a so healthy breakfast!	True	True
23504	positive	Going out to down town with a friend, long time haven`t seen him...OKOK.. i am feeling fresh again	OKOK.. i am feeling fresh again	him...okok.. i am feeling fresh again	True	True
24401	negative	...OOOPS AGAIN, the reply button is the RIGHT of the msg...now I`ll stop spamming	OOOPS AGAIN,	...ooops again, the reply button is the right of the msg...now i`ll stop spamming	True	True
15043	positive	Headin home...Refreshed my mind and soul justa lil bit...Bac to reality.	Refreshed	home...refreshed	True	True
18431	negative	Last day at work...Sick to the bone	Sick to the bone	work...sick	True	True
8578	negative	Just getting back into the swing...Still sore from my surgery and tired...Coffee time!	Still sore from my surgery and tired.	swing...still sore from my surgery and tired...coffee	True	True
5938	positive	just woke up, having coffee, listening to Music, reading RSS...Sunday feels great	Sunday feels great	rss...sunday feels great	True	True
21419	negative	Holy cow! Archie Andrews finally marries Veronica Lodge.This is not what I thought will eventually happen in my 6th grade Awww...bad, bad	This is not what I thought will eventually happen in my 6th grade Awww...bad, bad	awww...bad, bad	True	True
18180	positive	Okay...So I have an AIM account now...Send me ur S/N`s on there so I can add u...Thx!	Thx!	u...thx!	True	True
4046	negative	Well on a normal day I`d already be done with work...Unfortunately this is not a normal day. Which means I`ll be in the office till late.	Unfortunately	work...unfortunately	True	True
20895	negative	Checking out Twitter Trying to find people I know....Unfortunately no one I know uses this website	Unfortunately	know....unfortunately	True	True
3681	positive	Rice is ready to eat.Off now to watch Comet 2009!The most important music price in germany.Wow n Lisa arrives around 12p.m. Still 2 hours	Wow n	germany.wow	False	True
9049	positive	i found a ride...YES!!! liquor here i come	YES!!!	ride...yes!!!	True	True
21689	negative	traveling to L.a today to see grandpa in hospital..Yet another road block to cross fro my family	Yet another road block to cross fro my family	hospital..yet another road block	False	True
15379	negative	did crossfit running today...agitated my right leg	agitated	today...agitated	True	True
6151	positive	home from STING..crunk (of course)..long **** day N nite..also, visited my boy Rob V..all is good..happy mother`s day!!..word to yo mutha	all is good..happy mother`s day!!..	good..happy	False	True
25752	positive	Home from Disney...best time in a long time...howl at the moon tonight for GBA and then BHB Tuesday oh drummer boy niiight	best	disney...best time in a long time...howl	True	True
8506	negative	So...woke up in time just for work.....boo	boo	work.....boo	True	True
6655	positive	Hmmm, I just realized....I didn`t have any bday cake for my birthday...boo hoo!	boo hoo!	birthday...boo hoo!	True	True
25399	negative	homework...boring	boring	homework...boring	True	True
15882	negative	Studying for my exams....boring	boring	exams....boring	True	True
12485	negative	Yao...broken foot...so much for that series Denver`s next	broken	yao...broken	True	True
2093	negative	watching Jon & Kate plus 8..can`t believe they`re divorcing	can`t believe they`re divorcing	8..can`t believe they`re divorcing	False	True
23540	positive	Mom is wearing shrug I bought her 2morrow...I can`t wait 2 c her n it..cute	cute	it..cute	True	True
20120	negative	Arrggghhh...dang post office. Did not get the package in yet, may have to wait until tomorrow	dang	arrggghhh...dang	True	True
4549	negative	arrg - i`ve been trying to upload my picture...darn thing won`t let me	darn	picture...darn	True	True
24631	negative	mothers day..didnt do anything exciting...saw a movie	didnt do anything exciting..	day..didnt do anything exciting...saw	True	True
16490	negative	@ the drs. in beverly hills...doctor`s scare **** out of me	doctor`s scare **** out of me	hills...doctor`s scare **** out of me	True	True
17451	negative	#justcause Summer Hours say our day ends at 1pm...doesn`t mean I really get to leave at 1.	doesn`t mean I really get to leave at 1.	1pm...doesn`t mean i really get to leave at 1.	True	True
3516	negative	I right here...don`t worry	don`t worry	here...don`t worry	True	True
23238	negative	just woke up...dont want to go into work at 4	dont want to go into work	up...dont	True	True
22641	positive	colds nearly gone, yayness!! greys anatomy on tonight . . . . . .double yay!	double yay!	yayness!!	False	True
5619	positive	is online shopping...fantastic	fantastic	shopping...fantastic	True	True
24008	positive	ah! A clean house...finally, so nice	finally, so nice	house...finally, so nice	True	True
10917	positive	Football session after this.fun	fun	this.fun	False	True
18781	negative	Funeral ceremony...gloomy friday...	gloomy	ceremony...gloomy	True	True
21467	positive	sleep....good night tweeties!!! down to OC tomorrow. I hope and pray that Rachyl gets better SOON!!!	good	sleep....good	True	True
4955	positive	Hey Tweeps...good morning. Wussup America...Talk to me tell wut`s on ur mind..	good morning.	tweeps...good	True	True
5055	positive	Going to bed now...good night tweeters	good night	now...good	True	True
23565	positive	Beer, Smoki and Lucky Strike...good times, good times At work...drawing stuff	good times, good times At work	strike...good times, good times	True	True
168	positive	Few Bevvies 2day in twn..great on a day off!!	great	twn..great	False	True
7409	positive	Im.in.the.room Im.watching.the.HANNAHmovie.withMOM.She.said.this.film.very.great.	great.	im.watching.the.hannahmovie.withmom.she.said.this.film.very.great.	False	True
23090	positive	grinning like a Cheshire cat.... ....happy as hell. they made my day ??	happy	....happy as hell.	False	True
27375	positive	Going to church in the morning...happy mommas day almost	happy	morning...happy	True	True
15295	positive	in rye..happy mothers day mums ily mummy lol	happy	rye..happy	False	True
14498	positive	its my birthday.....happy birthday to me!!!!	happy birthday to me!!!!	birthday.....happy	True	True
24487	positive	off to bed I go..have a great Mom`s Day all you moms!	have a great Mom`s Day	go..have a great	False	True
572	negative	.....headache	headache	.....headache	False	True
16019	positive	Getting ready for school...hope today is a happy and awesome day	hope	school...hope today is a happy and awesome day	True	True
13472	positive	Presenting today...hope it leads to the ability to move up one day	hope	today...hope	True	True
22842	positive	Walmart opening its first store in Amritsar tomorrow (of all places)...the horror..hoping its limited to wholesale	hoping it	horror..hoping	False	True
19491	negative	my new dress looks sort of...horrible http://twitpic.com/64mdc	horrible	of...horrible	True	True
15984	negative	the downfall about relaxing later is mad manual labor now...just finish cleaning the fridge..and now to fold clothes..house work blues	house work blues	downfall	True	True
24839	negative	A year from now is graduation....i am pretty sure i`m not ready for it!?!?!?	i am pretty sure i`m not ready for it!?	graduation....i am pretty sure i`m not ready for it!?!?!?	True	True
22553	negative	so during that whole whole addiction talk with my brother and that lady....i broke down and couldnt help but cry	i broke down	lady....i broke down and couldnt help but cry	True	True
18164	negative	_intruder well said...please take him off my hands..i can`t cope !!!! Set that fox on him	i can`t cope	hands..i can`t cope	True	True
19505	negative	_Dreaming what?! miley`s gonna quit hannah montana?...i don`t wanna believe it!	i don`t wanna believe it!	montana?...i don`t wanna believe it!	False	True
10748	positive	i now know that we`ve made a difference in each others lives...i feel proud.	i feel proud.	lives...i feel proud.	True	True
7111	negative	Nooo...i forgot my calculator for physics oh well class is allmost over :3	i forgot my calculator for physics	forgot	True	True
25637	neutral	spent the whole day editing in Pro Tools...i luvvv this thing and am becoming quite the pro, but it gives me insane headaches.	i luvvv this thing and am becoming quite the pro, but it gives me insane headaches.	spent the whole day editing in pro tools...i luvvv this thing and am becoming quite the pro, but it gives me insane headaches.	True	True
26184	negative	lif`s unfair....luk wat it did to ma frend...i m so hating it	i m so hating it	unfair....luk wat it did to ma frend...i m so hating it	True	True
23452	negative	my stomach feels like it`s touching the ground..i`m SO full	i`m SO full	ground..i`m so full	False	True
14005	negative	i`m out of books to read, movies to watch n stuff to buy...i`m bored!	i`m bored!	buy...i`m bored!	True	True
18866	positive	kind of.i`m trying to make sure i have everything yet still look after the boy.hubby isn`t home yet	i`m trying	kind of.i`m trying to make sure	False	True
23580	negative	In Seattle Washington....im SOOOOO hungry&i miss alaska	im SOOOOO hungry&i miss alaska	miss	True	True
10464	negative	dont get to see my boys tomorroww.im sad	im sad	tomorroww.im sad	False	True
11617	positive	Staff meeting today with JoeMo...it just won`t be the same! Travel safely ...we`ll see you tomorrow!	it just won`t be the same! Travel safely ...we`ll see you tomorrow!	travel safely	True	True
15792	negative	My blackberry ran out of juice in the middle of the day...it was miserable! No twitter or email at my beck and call, truly awful	it was miserable! No twitter or email at my beck and call, truly awful	day...it was miserable!	True	True
2144	positive	just got back from my grandparents suprise 60th anniversary party...it was sooooo much fun!!!	it was sooooo much fun!!!	party...it was sooooo much fun!!!	True	True
4513	negative	Trying to figure out this thing...it`s not going well	it`s not going well	thing...it`s not going well	True	True
22840	negative	Beautiful day on Ocracoke just hope the thunderstorms stay away this afternoon...it`s not looking good	it`s not looking good	afternoon...it`s not looking good	True	True
18130	negative	ummm sooo yeh....its really hard to concentrate rite now wen i have this weird #lupus feeling goin thro my body	its really hard to concentrate rite now	yeh....its really hard	True	True
10674	neutral	...just waiting to get picked up at the train station by my bro and then off to the gym. Can`t believe I bumped someone last night	just waiting to get picked up at the train station by my bro and then off to the gym. Can`t believe I bumped someone last night	...just waiting to get picked up at the train station by my bro and then off to the gym. can`t believe i bumped someone last night	False	True
22799	negative	ans so the lion.......kicked the dogs ****!!!!	kicked	lion.......kicked the dogs ****!!!!	False	True
1000	negative	homework on a friday night...lame	lame	night...lame	True	True
16200	negative	off to work... off at 10:30....lammmeeee	lammmeeee	10:30....lammmeeee	True	True
17437	negative	Lies...lies...lies....you just cant avoid to lie about practically...EVERYTHING!	lies	lies...lies...lies....you	True	True
853	positive	Just got confirmed that itï¿½s pizza-time with some ex co-workers on friday...looking forward to it	looking forward to it	friday...looking forward	True	True
641	positive	_michele thanks for that...am now following them...love good causes	love good causes	them...love good causes	True	True
20086	positive	_Perth Awesome...love top gear..whos your favourite?Got to admit i have a soft spot for captain slow	love top gear..	awesome...love	True	True
19357	positive	beach...yummy steak and catching up on `lost` with my man...lovely day	lovely	man...lovely day	True	True
5449	positive	when living in Spain..you can NEVER take a hot shower for granted..luckily I have nice friends across the street	luckily I have nice friends across the street	granted..luckily	False	True
17819	negative	got an ear infection...man that **** hurts!	man that **** hurts!	hurts!	True	True
19422	negative	so bored...miss everybody already	miss	bored...miss	True	True
18569	negative	Just looked at the date...today the one year anniversary of my Grandmother...miss her mane um sad	miss her mane um sad	grandmother...miss her mane um sad	True	True
6083	negative	crashing from my WI high...missing mayfield	missing	crashing from my wi high...missing	True	True
27204	negative	Left Cali this morning...in Dallas now..missing my car SO MUCH!!!	missing my car SO MUCH!!!	now..missing my car so much!!!	True	True
3491	negative	ahh..my stomach hurts	my stomach hurts	hurts	False	True
10166	positive	Adobe After Effects and MS SQL Server...nice. would it be nicer if I just sleep?	nice.	server...nice.	True	True
22610	neutral	...normal hours to give any interested twitter friends a glimpse into a topic near and dear to us.	normal hours to give any interested twitter friends a glimpse into a topic near and dear to us.	...normal hours to give any interested twitter friends a glimpse into a topic near and dear to us.	False	True
26893	negative	The chicken noodle soup I made for lunch to feel better just burned my tongue . . .not a good day.	not a good day.	burned my tongue . . .not a good day.	False	True
19716	negative	elliott claims steak and shake has been doing this for months...not exciting anymore...	not exciting anymore...	months...not exciting anymore...	True	True
18648	negative	_Thomas ahhhh probably will...not good u been Dubai before??	not good	will...not good	True	True
15205	negative	oh men..not in the mood I`ll go home tomorrow..wanna be w/ my family..its my birthday	not in the mood	men..not in the mood	False	True
10184	negative	I ruined my lunch by eating half a bag of cheddar popcorn....now I feel sick.	now I feel sick.	popcorn....now i feel sick.	True	True
189	negative	lost my tooth 2day whilst i was eating gum...oww	oww	lost	True	True
11877	positive	_Dubai Enjoy sounds idyllic AND Geordiebird has lost her bikini...perfect holiday!	perfect holiday!	enjoy sounds idyllic	True	True
348	positive	90 degrees, gross skies, and thunderstorms...perfect match for my mood lol	perfect ma	thunderstorms...perfect	True	True
18329	negative	Watchin Hollyoaks...poor Justin!	poor	hollyoaks...poor	True	True
26087	negative	taking Willy to the specialist...poor dog! He has to get a CT scan cos he can`t walk properly atm	poor dog! He	specialist...poor dog!	True	True
8443	negative	you know ur dog is getting old when she sits down to eat...poor hilly please don`t grow up	poor hilly	eat...poor hilly please don`t grow up	True	True
4470	negative	Don`t know what to do right now...pretty bored, but I refuse to study. Any suggestions?	pretty bored, but I refuse to study.	now...pretty bored,	True	True
13481	negative	oops i did it again...really shouldnt have.	really shouldnt have.	again...really shouldnt have.	True	True
8950	positive	Just got done working out....relaxing than off to work	relaxing	out....relaxing	True	True
5355	negative	is updating an old ipod...sad...i miss my orange nano	sad..	ipod...sad...i	True	True
21398	positive	doing some DIY- I`m dying mg clothes black again...save some money	save	again...save some money	True	True
12394	negative	Struggling...selfishness and jealousy doesn`t get you any further in life... ohh myyy	selfishness	struggling...selfishness	True	True
1341	positive	its so nice.. I LUV KELLY...she`s such an amazing singer LUV HER	she`s such an amazing singer	its so nice..	True	True
18539	negative	Oh man....my fiance just got off work and I start mine in 1 hour....so not fair.....	so not fair....	hour....so not fair.....	True	True
8901	neutral	Brad Paisley+Alison Krauss- Whiskey Lullaby...so sad but its awesome!	so sad but its awesome!	brad paisley+alison krauss- whiskey lullaby...so sad but its awesome!	True	True
10638	negative	so much for an amazing day...some pervert just ruined it	some pervert just ruined it	ruined it	True	True
9299	negative	went to the dmv today.....some things never change	some things never change	today.....some things never change	True	True
9688	positive	up at 4:30am west coast time..gettin ready to catch my flight back home..soooo excited to go back to my two fav boyzzzz puppy n BF	soooo excited to go back to my two fav boyzzzz puppy n BF	home..soooo excited	False	True
3945	negative	_zorz_peep count yourself lucky i was gonna say the OTHER word instead...and rsvp...sorry i cant come to ur birthday...day?	sorry	rsvp...sorry	True	True
8427	negative	about to rehearse...starving!!!	starving!!	rehearse...starving!!!	True	True
2272	neutral	#twpp ..still nw in trending topics..	still nw in trending topics..	#twpp ..still nw in trending topics..	False	True
2994	neutral	Hmmm...strained my back Hope it`s better tomorrow morning..	strained my back Hope it`s better tomorrow morning..	hmmm...strained my back hope it`s better tomorrow morning..	True	True
13664	negative	I have to work in the morning while my friends get to party it up.....stupid bberry lite flashing red and I have no messages!	stupid	up.....stupid	True	True
12549	positive	alphonso milkshake in the morning, lassi in the afternoon and fresh nimbupaani in the evening....summers can be fun	summers can be fun	evening....summers can be fun	True	True
11797	positive	Up way way way to early this am....thanks _benson	thanks _benson	am....thanks	True	True
20736	positive	Oh man now it`s raining...seatbelt now buckled...thanks bates for wishing I have a blow out and flip and burn up	thanks bates for wishing	buckled...thanks	True	True
24136	negative	OUCH!!!!!!!!!!!!!!!.........that really hurt!!!	that really hurt!!!	ouch!!!!!!!!!!!!!!!.........that really hurt!!!	False	True
8990	positive	Thought I`d check out home, that was 10 minutes ago, downloading update, now home square....that`s why I can`t be bothered with it Sony	that`s why I can`t be bothered with it Sony	square....that`s why i can`t be bothered with it sony	True	True
26247	negative	_Gates am also gutted...the end is nigh x	the end is nigh	gutted...the	True	True
6307	negative	I dont like the dentist...they make my gums hurt	they make my gums hurt	hurt	True	True
4456	negative	is sitting in the marshall center w/Mina. Some1 must really not want me to go to the gym..this time i lost my wallet n w/no ID i cant go	this time i lost my wallet	lost	False	True
5354	negative	Back at work.....too much email in my inbox....	too much	work.....too much email in my inbox....	True	True
16774	negative	NO MORE MSHS!!!!!!!! Gotta go to work...too tired	too tired	work...too tired	True	True
11904	negative	to start **** or leave **** alone...tough decision	tough decision	alone...tough decision	True	True
2002	negative	Wishing it was a sunny day, then I might just be bothered to get outta bed! ..up the blues	up the blues	bothered	False	True
4099	positive	Revamping my recording studio today and adding some nice high end outboard gear...very exited!	very exited!	gear...very exited!	True	True
16469	negative	Sorting out Twitter issues....very frustrated that you can`t talk to someone and they respond slowly to issues - capacity the challenges	very frustrated th	issues....very frustrated	True	True
21847	positive	Ken Wilber - Realistic Expectation of Integral Wisdom: http://tinyurl.com/clfzdx ...very interesting. I don`t mind the video quality.	very interesting.	...very interesting.	False	True
14838	negative	just got back from..ahem, meal#4...was boring but had to eat nonetheless	was boring but had to eat nonetheless	boring	True	True
23970	positive	Heeey, we won ice hockey....we are winners!!	we are winners!!	hockey....we are winners!!	True	True
4749	positive	F1 & Star Trek...what a great Sunday	what a great Sunday	great	True	True
19013	positive	Having Margaritas w/ mommie...what a great combo!	what a great combo!	mommie...what a great	True	True
20565	positive	Now I KNOW my shares are up...have 7 followers...wonderful! The sun is now shining brightly in `darkest Africa`...	wonderful! The sun is now shining brightly in `darkest Africa	followers...wonderful!	True	True
14661	negative	Jus sittn here thinkin....wow yo my boy is really gone! Smh yo! Its bout to be 3 weeks on Sunday! R.I.P VON	wow yo my boy is really gone! Smh yo! Its bout to be 3 weeks on Sunday! R.I.P VON	r.i.p von	True	True
14001	negative	doing my english essay (on r&j...wtf) that i should have done a long time ago when it was assigned last thursday	wtf)	r&j...wtf)	True	True
13811	positive	_marie Stick with me kidd...you`ll be alright (there`s a whole sketchy world out there waiting to be taken advantage of	you`ll be alright	kidd...you`ll be alright	True	True
23428	positive	#snl...you`ve gotten better keep it up	you`ve gotten better	#snl...you`ve gotten better keep it up	True	True
